{"cameraMode":{"drawMode":0,"name":"Shaded","section":"Shading Mode"},"sceneLighting":true,"audioPlay":false,"sceneViewState":{"showFog":true,"showMaterialUpdate":false,"showSkybox":true,"showFlares":true,"showImageEffects":true,"showParticleSystems":true},"in2DMode":false,"pivot":{"x":-70.75955200195313,"y":54.40260314941406,"z":-63.12860107421875},"rotation":{"x":-0.14462238550186158,"y":0.03155362978577614,"z":-0.00464102765545249,"w":-0.9889728426933289},"size":802.6166381835938,"orthographic":false}