{"cameraMode":{"drawMode":0,"name":"Shaded","section":"Shading Mode"},"sceneLighting":true,"audioPlay":false,"sceneViewState":{"showFog":true,"showMaterialUpdate":false,"showSkybox":true,"showFlares":true,"showImageEffects":true,"showParticleSystems":true},"in2DMode":false,"pivot":{"x":37.205989837646487,"y":82.24010467529297,"z":4.504426956176758},"rotation":{"x":0.2489570677280426,"y":0.6429795622825623,"z":-0.23347896337509156,"w":0.6856276988983154},"size":298.4706115722656,"orthographic":false}